City,Cloudiness,Country,Date,Humidity,Lat,Lng,Max Temp,Wind Speed
Krasnosel'kup,100,RU,1613822555,84,65.7,82.4667,-28.5,5.77
Puerto Ayora,97,EC,1613822556,93,-0.7393,-90.3518,75.0,3.0
Samfya,100,ZM,1613822557,59,-11.3649,29.5565,81.01,1.21
Bagdarin,98,RU,1613822030,87,54.4333,113.6,-9.08,1.9
Tuatapere,8,NZ,1613822558,89,-46.1333,167.6833,54.0,1.99
Cabo San Lucas,0,MX,1613822358,67,22.8909,-109.9124,57.99,1.01
Chernyshevskiy,65,RU,1613822066,86,63.0128,112.4714,-29.96,3.38
Busselton,0,AU,1613822561,76,-33.65,115.3333,66.99,3.0
Castro,92,BR,1613822299,89,-24.7911,-50.0119,65.37,6.29
Ilulissat,75,GL,1613822562,55,69.2167,-51.1,-0.4,9.22
Las Palmas,0,ES,1613822563,53,28.4204,-14.0131,71.6,14.97
Napoleon,20,US,1613822563,100,41.3923,-84.1252,8.6,10.36
Raudeberg,100,NO,1613822564,87,61.9875,5.1352,46.99,14.34
Bathsheba,40,BB,1613822041,61,13.2167,-59.5167,78.8,19.57
Iskateley,100,RU,1613822566,87,67.6803,53.1512,-19.53,8.5
Khatanga,10,RU,1613822567,84,71.9667,102.5,-29.92,7.67
East London,20,ZA,1613822568,73,-33.0153,27.9116,75.2,19.57
High Level,90,CA,1613822568,79,58.5169,-117.136,14.0,4.61
Guerrero Negro,0,MX,1613822569,75,27.9769,-114.0611,56.3,7.18
Redwater,90,US,1613822570,93,33.3582,-94.2544,21.99,4.61
Barrow,90,US,1613822487,71,71.2906,-156.7887,-7.6,5.75
Half Moon Bay,75,US,1613822571,76,37.4636,-122.4286,50.0,21.85
Butaritari,81,KI,1613822573,81,3.0707,172.7902,81.12,15.93
Atuona,26,PF,1613822574,79,-9.8,-139.0333,79.03,12.55
Saint-Philippe,75,RE,1613822575,66,-21.3585,55.7679,87.8,9.22
Provideniya,21,RU,1613822576,85,64.3833,-173.3,-10.93,7.05
Hithadhoo,46,MV,1613822577,73,-0.6,73.0833,83.41,8.99
Bethel,90,US,1613822578,80,41.3712,-73.414,30.2,5.75
Kaitangata,4,NZ,1613822579,88,-46.2817,169.8464,60.01,3.58
Bredasdorp,23,ZA,1613822580,33,-34.5322,20.0403,75.2,17.27
Tasiilaq,90,GL,1613822581,93,65.6145,-37.6368,33.8,27.63
Shingū,0,JP,1613822582,79,33.7333,135.9833,48.43,8.16
Ushuaia,75,AR,1613822384,93,-54.8,-68.3,46.4,3.44
Waddān,34,LY,1613822584,20,29.1614,16.139,70.21,2.19
Vila Velha,90,BR,1613822585,89,-20.3297,-40.2925,78.8,6.91
Cherskiy,30,RU,1613822586,84,68.75,161.3,-33.86,2.35
Joensuu,90,FI,1613822587,85,62.6012,29.7632,12.99,10.36
Punta Arenas,90,CL,1613822337,62,-53.15,-70.9167,53.6,26.46
Cape Town,40,ZA,1613822588,43,-33.9258,18.4232,73.99,11.5
Saint Paul Harbor,90,US,1613822589,80,57.79,-152.4072,28.4,10.36
Albany,40,US,1613822408,86,42.6001,-73.9662,18.0,5.75
Port Hardy,75,CA,1613822591,93,50.6996,-127.4199,39.2,6.91
Oxelösund,75,SE,1613822592,87,58.6706,17.1015,39.2,6.91
Hermanus,7,ZA,1613822593,49,-34.4187,19.2345,73.0,10.0
Yar-Sale,100,RU,1613822593,86,66.8333,70.8333,-24.68,9.62
Kapaa,75,US,1613822594,83,22.0752,-159.319,73.4,14.97
Jamestown,90,US,1613822595,85,42.097,-79.2353,15.01,9.22
Rakhiv,32,UA,1613822596,81,48.0526,24.2009,41.0,3.44
Mehamn,3,NO,1613822596,86,71.0357,27.8492,12.54,14.61
Njeru,95,UG,1613822360,38,0.4186,33.1731,81.37,4.23
Stephenville,1,US,1613822598,93,32.2207,-98.2023,28.0,4.61
Thompson,40,CA,1613822598,84,55.7435,-97.8558,-2.2,4.61
Strezhevoy,0,RU,1613822599,70,60.7333,77.5889,-14.8,2.24
Rikitea,82,PF,1613822600,69,-23.1203,-134.9692,78.67,5.97
Imbituba,0,BR,1613822585,69,-28.24,-48.6703,78.8,3.44
Clyde River,1,CA,1613822601,62,70.4692,-68.5914,-27.4,4.61
Haines Junction,99,CA,1613822602,65,60.7522,-137.5108,-2.2,6.91
Qaqortoq,75,GL,1613822603,73,60.7167,-46.0333,21.2,2.26
Pierre,1,US,1613822331,85,44.3683,-100.351,8.6,3.44
Igarka,92,RU,1613822604,85,67.4667,86.5833,-24.61,4.16
Gīdam,65,IN,1613822604,28,18.9833,81.4,82.74,6.49
Wenling,0,CN,1613822605,77,28.3669,121.36,54.97,7.38
Chokurdakh,5,RU,1613822606,84,70.6333,147.9167,-32.94,4.41
Carnarvon,23,AU,1613822607,83,-24.8667,113.6333,82.4,12.66
Cedro,99,BR,1613822608,65,-6.6067,-39.0622,82.2,0.92
Katete,100,UG,1613822608,40,-0.7818,29.7544,81.75,6.55
Avarua,75,CK,1613822609,94,-21.2078,-159.775,75.2,6.91
Shimoda,0,JP,1613822610,49,34.6667,138.95,51.01,3.0
Tiksi,77,RU,1613822611,85,71.6872,128.8694,-30.89,1.7
Coquimbo,75,CL,1613822611,82,-29.9533,-71.3436,60.8,3.44
Vestmannaeyjar,40,IS,1613822612,87,63.4427,-20.2734,42.8,23.02
Walvis Bay,5,NA,1613822597,60,-22.9575,14.5053,71.6,8.05
Pennāgaram,94,IN,1613822614,52,12.1333,77.9,81.5,8.01
Trzebiatów,99,PL,1613822614,68,54.0615,15.2648,46.0,13.91
Oranjemund,0,NA,1613822615,59,-28.55,16.4333,68.74,21.65
Riyadh,75,SA,1613822423,51,24.6877,46.7219,57.2,10.36
Hobart,75,AU,1613822610,94,-42.8794,147.3294,61.0,8.05
Escárcega,100,MX,1613822617,74,18.6089,-90.7454,64.72,3.06
Roald,75,NO,1613822618,81,62.5833,6.1333,45.0,10.36
Luwuk,97,ID,1613822618,66,-0.9516,122.7875,79.97,4.41
Waitati,0,NZ,1613822619,85,-45.75,170.5667,57.0,3.0
Faya,40,SA,1613822620,77,18.3851,42.4509,62.6,20.71
Hashtrūd,100,IR,1613822620,92,37.4779,47.0508,32.31,9.19
Labuan,20,MY,1613822621,78,5.2767,115.2417,80.6,8.05
Lompoc,1,US,1613822622,87,34.6391,-120.4579,50.0,9.22
Mataura,17,NZ,1613822622,89,-46.1927,168.8643,54.0,1.99
Antofagasta,0,CL,1613822339,88,-23.65,-70.4,60.8,4.61
Hilo,90,US,1613822623,88,19.7297,-155.09,68.0,4.61
Lianzhou,0,CN,1613822624,57,24.7811,112.3825,66.97,1.95
Hofn,100,IS,1613822625,84,64.2539,-15.2082,41.36,1.5
Mergen,6,CN,1613822625,89,49.1833,125.2167,1.63,3.31
Beringovskiy,34,RU,1613822626,84,63.05,179.3167,-20.11,10.09
Dikson,99,RU,1613822627,89,73.5069,80.5464,-15.11,7.58
Daşoguz,0,TM,1613822531,64,41.8363,59.9666,35.6,4.61
Kaputa,100,ZM,1613822628,70,-8.4689,29.6619,79.02,2.26
Slave Lake,90,CA,1613822629,47,55.2834,-114.769,33.8,16.11
Havelock,22,US,1613821887,93,34.8791,-76.9013,34.0,3.0
Elizabeth City,1,US,1613822631,80,36.2946,-76.2511,30.2,8.05
Vaini,75,TO,1613822632,78,-21.2,-175.2,77.0,11.5
San Nicolas,40,PH,1613822633,69,18.1725,120.5953,75.2,3.44
New Norfolk,68,AU,1613822633,75,-42.7826,147.0587,61.0,1.63
Port Elizabeth,20,ZA,1613822634,57,-33.918,25.5701,77.0,23.02
Margate,48,GB,1613822522,60,51.3813,1.3862,57.0,3.0
Poum,51,NC,1613822635,77,-20.2333,164.0167,83.43,9.78
Mugango,40,TZ,1613822636,54,-1.6833,33.7,80.6,11.5
San Patricio,20,US,1613822637,86,28.017,-97.5169,33.8,4.61
Snezhnogorsk,40,RU,1613822637,78,69.1933,33.2531,-0.4,7.27
Autun,0,FR,1613822638,55,46.95,4.3,62.01,18.41
Sibolga,59,ID,1613822638,77,1.7427,98.7792,79.84,1.97
George Town,20,MY,1613822639,48,5.4112,100.3354,87.8,9.22
Kruisfontein,94,ZA,1613822057,63,-34.0033,24.7314,73.99,8.99
Nikolskoye,40,RU,1613822640,73,59.7035,30.7861,19.4,11.18
Sulangan,100,PH,1613822641,75,11.1373,123.7228,78.58,26.98
Kavieng,0,PG,1613822642,80,-2.5744,150.7967,83.23,12.39
Dali,100,CN,1613822643,51,25.7,100.1833,54.28,6.82
San Andrés,20,CO,1613822601,74,12.5847,-81.7006,80.6,11.5
Geraldton,0,AU,1613822447,73,-28.7667,114.6,73.4,14.97
Tuktoyaktuk,99,CA,1613822645,88,69.4541,-133.0374,-19.98,7.61
Ogulin,40,HR,1613822646,76,45.2661,15.2286,62.01,3.44
Tessalit,21,ML,1613822546,10,20.1986,1.0114,85.42,13.35
Havre-St-Pierre,90,CA,1613822648,77,50.2334,-63.5986,-9.4,8.21
Bluff,10,NZ,1613822479,89,-46.6,168.3333,54.0,1.99
Katsuura,0,JP,1613822650,44,35.1333,140.3,59.0,19.57
Mundo Nuevo (Ojo de Agua),100,MX,1613822650,81,18.7,-95.5,63.54,13.82
Vila Franca do Campo,20,PT,1613822651,66,37.7167,-25.4333,53.6,10.36
Nemuro,89,JP,1613822652,83,43.3236,145.575,35.13,25.03
Alofi,100,NU,1613822653,100,-19.0595,-169.9187,75.2,10.36
Hede,0,CN,1613822653,54,33.7681,120.2517,58.44,11.07
Marawi,100,PH,1613822654,88,7.9986,124.2928,73.99,4.0
Klaksvík,20,FO,1613822655,87,62.2266,-6.589,46.4,10.36
Araripe,83,BR,1613822656,68,-7.2125,-40.0461,76.14,5.77
Yellowknife,90,CA,1613822410,85,62.456,-114.3525,1.4,9.22
Kondagaon,71,IN,1613822658,32,19.6,81.6667,79.86,5.41
Port Lincoln,0,AU,1613822658,79,-34.7333,135.8667,61.45,14.7
Caraz,42,PE,1613822660,35,-9.0486,-77.81,59.68,1.32
Pisco,5,PE,1613822660,82,-13.7,-76.2167,64.99,2.3
Salalah,20,OM,1613822656,57,17.0151,54.0924,78.8,6.91
Naze,0,JP,1613822662,60,28.3667,129.4833,56.84,5.1
Ankazoabo,5,MG,1613822662,51,-22.2833,44.5167,91.53,6.73
Shamil’kala,90,RU,1613822663,93,42.6858,46.8639,32.0,4.47
Natal,75,BR,1613822390,78,-5.795,-35.2094,82.4,12.66
Ouadda,73,CF,1613822665,11,8.0777,22.4007,101.05,3.06
Palu,85,ID,1613822665,82,-0.8917,119.8707,75.36,0.87
São João da Barra,75,BR,1613822666,83,-21.6403,-41.0511,78.8,6.91
Sur,0,OM,1613822667,36,22.5667,59.5289,79.03,9.15
Zemio,61,CF,1613822667,10,5.0314,25.1361,100.13,4.52
Ribeira Grande,40,PT,1613822668,66,38.5167,-28.7,53.6,18.41
Metu,63,ET,1613822670,33,8.3,35.5833,76.3,6.46
Dalaba,58,GN,1613822670,31,10.7,-12.25,85.37,4.85
San Policarpo,100,PH,1613822671,84,12.1791,125.5072,77.49,22.66
Dalby,88,AU,1613822671,62,-27.1833,151.2667,70.0,6.76
Boralday,90,KZ,1613822672,93,43.3578,76.8594,35.6,6.71
Petropavlovsk-Kamchatskiy,1,RU,1613822593,67,53.0452,158.6483,17.6,6.71
Baghlan,87,AF,1613822674,48,36.1307,68.7083,54.23,4.59
Bara,71,NG,1613822675,15,10.3744,10.7288,78.8,5.75
San Luis,0,AR,1613822556,56,-33.295,-66.3356,70.3,11.3
Noumea,0,NC,1613822676,83,-22.2763,166.4572,84.0,1.14
Torbay,75,CA,1613822635,79,47.6666,-52.7314,24.01,6.91
Lebu,0,CL,1613822677,64,-37.6167,-73.65,53.82,14.18
Gravdal,40,NO,1613822678,74,68.1214,13.5031,32.0,6.91
Dunedin,0,NZ,1613822679,89,-45.8742,170.5036,57.0,4.0
Fukuechō,0,JP,1613822679,67,32.6881,128.8419,60.35,21.56
Arrondissement de Vesoul,0,FR,1613822680,51,47.5833,5.8333,62.01,8.05
Norman Wells,90,CA,1613822680,70,65.282,-126.8329,-14.8,9.22
Nome,0,US,1613822681,76,64.5011,-165.4064,-18.4,5.84
Leningradskiy,100,RU,1613822682,88,69.3833,178.4167,-12.71,8.57
San Jose,75,US,1613822600,81,37.3394,-121.895,48.99,8.05
Nishifukuma,20,JP,1613822683,72,33.7667,130.4667,57.2,8.05
Tsiroanomandidy,79,MG,1613822684,66,-18.7667,46.0333,82.72,6.38
Port Alfred,99,ZA,1613822684,79,-33.5906,26.891,77.0,7.0
Ponta do Sol,100,PT,1613822685,87,32.6667,-17.1,55.99,5.99
Sept-Îles,75,CA,1613822686,61,50.2001,-66.3821,8.6,8.05
Sabha,0,LY,1613822686,19,27.0377,14.4283,71.2,5.53
Airai,100,TL,1613822687,100,-8.9266,125.4092,61.16,1.72
Mbanza-Ngungu,100,CD,1613822688,77,-5.25,14.8667,76.26,4.23
Morehead,1,US,1613822688,78,37.2711,-87.1764,3.2,4.12
Agadez,97,NE,1613822689,18,19.75,10.25,73.27,8.79
Chui,0,UY,1613822689,72,-33.6971,-53.4616,68.27,4.45
San Miguel de Tucumán,90,AR,1613822636,100,-26.8241,-65.2226,64.4,6.91
Kaeo,0,NZ,1613822691,92,-35.1,173.7833,57.0,2.68
Mocajuba,54,BR,1613822691,89,-2.5842,-49.5072,76.6,3.2
Montilla,0,ES,1613822692,67,37.5863,-4.6381,60.8,5.75
Jamame,91,SO,1613822693,49,0.0722,42.7506,90.46,14.16
Skellefteå,90,SE,1613822694,93,64.7507,20.9528,24.01,9.22
Namatanai,10,PG,1613822695,78,-3.6667,152.4333,81.72,6.62
Virginia Beach,40,US,1613822420,60,36.8529,-75.978,33.8,10.36
Honiara,99,SB,1613822696,80,-9.4333,159.95,79.48,3.04
Mar del Plata,0,AR,1613822696,55,-38.0023,-57.5575,64.99,11.5
Soyo,40,AO,1613822697,70,-6.1349,12.3689,86.0,6.91
Waipawa,75,NZ,1613822698,77,-41.4122,175.5153,62.6,23.02
Moussoro,0,TD,1613822524,12,13.6408,16.4901,83.1,14.97
Kiryat Gat,19,IL,1613822527,56,31.61,34.7642,63.0,11.74
Flinders,8,AU,1613822700,100,-34.5833,150.8552,71.01,3.44
Dingle,100,PH,1613822701,79,10.9995,122.6711,72.75,10.27
Partenit,55,UA,1613822702,49,44.578,34.3446,35.01,2.57
Lata,100,PT,1613822703,89,40.1629,-8.3327,57.0,5.01
Kieta,51,PG,1613822704,77,-6.2167,155.6333,81.82,3.42
Saint George,1,US,1613822623,37,37.1041,-113.5841,33.8,3.44
Vila,100,PT,1613822706,93,42.0304,-8.1588,53.01,10.0
Hambantota,40,LK,1613822707,70,6.1241,81.1185,87.8,6.91
Jablah,40,SY,1613822707,44,35.3614,35.9256,57.2,9.22
Kachīry,53,KZ,1613822708,89,53.0675,76.1036,-7.78,7.45
Vao,100,NC,1613822709,86,-22.6667,167.4833,79.72,19.17
Cidreira,0,BR,1613822711,61,-30.1811,-50.2056,74.5,6.58
Gayny,98,RU,1613822711,91,60.3071,54.3241,-0.8,3.04
Vardø,40,NO,1613822712,62,70.3705,31.1107,15.8,9.22
Białystok,100,PL,1613822713,83,53.1333,23.15,37.99,6.15
Ngunguru,0,NZ,1613822714,92,-35.6167,174.5,57.0,5.12
Killybegs,90,IE,1613822714,93,54.6333,-8.45,50.0,18.41
Upernavik,99,GL,1613822715,86,72.7868,-56.1549,-20.97,13.94
Bengkulu,98,ID,1613822716,85,-3.8004,102.2655,78.51,4.97
Corning,40,US,1613822717,68,42.1428,-77.0547,19.4,9.22
Pangnirtung,81,CA,1613822718,74,66.1451,-65.7125,-25.38,1.57
Butterworth,20,MY,1613822719,48,5.3991,100.3638,87.8,9.22
Boden,90,SE,1613822700,92,65.8252,21.6886,15.8,9.22
Manama,0,BH,1613822721,55,26.2154,50.5832,66.2,14.97
Morgan City,1,US,1613822722,100,29.6994,-91.2068,28.99,6.91
Sacramento,40,US,1613822517,93,38.4666,-121.3177,46.0,8.05
Wanning,19,CN,1613822724,72,18.8003,110.3967,66.2,5.79
Kadoma,0,JP,1613822702,66,34.7333,135.5833,55.0,3.44
Samarai,11,PG,1613822725,76,-10.6167,150.6667,83.34,1.01
Qaanaaq,6,GL,1613822726,78,77.484,-69.3632,-31.29,1.21
Naro-Fominsk,0,RU,1613822546,49,55.3875,36.7331,21.2,2.24
Yulara,90,AU,1613822504,24,-25.2406,130.9889,95.0,11.5
Gizo Government Station,85,SB,1613822728,73,-8.103,156.8419,83.16,1.28
Kuah,20,MY,1613822729,51,6.3265,99.8432,87.8,12.66
Severo-Kuril'sk,67,RU,1613822730,94,50.6789,156.125,27.61,10.76
Port Hedland,44,AU,1613822731,79,-20.3167,118.5667,86.0,10.36
Sisimiut,61,GL,1613822731,88,66.9395,-53.6735,-5.44,9.1
Rome,90,US,1613822732,86,43.2128,-75.4557,19.4,4.61
Santa Rosa,75,PH,1613822732,57,14.3122,121.1114,77.0,9.22
Belmonte,75,BR,1613822733,74,-15.8631,-38.8828,80.6,12.66
Zaraza,54,VE,1613822471,74,9.3503,-65.3245,74.97,5.82
La Montañita,100,CO,1613822734,73,1.4766,-75.4398,74.64,3.02
Zhangjiakou,26,CN,1613822735,43,40.81,114.8794,45.66,7.99
Bemidji,1,US,1613822736,85,47.4736,-94.8803,1.99,4.61
Necochea,6,AR,1613822736,58,-38.5473,-58.7368,64.0,3.0
Pokhara,0,NP,1613822582,30,28.2333,83.9833,68.74,3.85
Chernoyerkovskaya,40,RU,1613822738,56,45.4331,37.7686,42.8,8.95
Daoukro,40,CI,1613822738,32,7.0591,-3.9631,96.6,1.59
Saldanha,0,ZA,1613822739,43,-33.0117,17.9442,73.4,9.22
La Ronge,96,CA,1613822589,92,55.1001,-105.2842,10.4,4.61
Tete,75,MZ,1613822740,55,-16.1564,33.5867,89.6,5.75
Ostrovnoy,33,RU,1613822741,87,68.0531,39.5131,-6.18,4.88
Chara,6,RU,1613822742,78,56.9064,118.2631,-20.7,0.98
Okha,100,RU,1613822742,97,53.5739,142.9478,16.65,10.27
Sitka,90,US,1613822743,75,57.0531,-135.33,37.4,8.05
Codrington,13,AU,1613822744,84,-38.2667,141.9667,58.66,6.44
Lavrentiya,92,RU,1613822744,88,65.5833,-171.0,-15.48,3.85
Hasaki,0,JP,1613822745,54,35.7333,140.8333,52.0,5.75
Victor Harbor,37,AU,1613822746,75,-35.5667,138.6167,64.0,3.0
Pevek,67,RU,1613822747,87,69.7008,170.3133,-24.72,4.72
São Filipe,36,CV,1613822747,66,14.8961,-24.4956,73.45,5.93
Hamilton,90,US,1613822546,73,39.1834,-84.5333,17.6,4.61
Olafsvik,93,IS,1613822750,84,64.8945,-23.7142,37.49,21.09
Young,0,UY,1613822484,52,-32.6833,-57.6333,69.01,3.0
Solnechnyy,100,RU,1613822751,90,50.7214,136.6319,4.41,6.93
Brigantine,90,US,1613822752,80,39.4101,-74.3646,28.99,12.66
Amurzet,53,RU,1613822753,90,47.6967,131.0981,3.97,7.05
Simao,98,CN,1613822754,88,22.7886,100.9748,58.08,2.04
Los Llanos de Aridane,20,ES,1613822724,77,28.6585,-17.9182,68.0,23.02
Hirara,75,JP,1613822755,72,24.8,125.2833,59.0,4.61
Lagoa,67,PT,1613822756,66,39.05,-27.9833,51.87,18.54
Berlevåg,0,NO,1613822756,83,70.8578,29.0864,16.39,16.51
Ranong,20,TH,1613822757,58,9.9658,98.6348,86.0,11.5
Bubaque,65,GW,1613822758,52,11.2833,-15.8333,79.92,8.93
Lesnoy,100,RU,1613822758,92,57.6198,63.0784,-1.55,2.37
Dzhebariki-Khaya,96,RU,1613822759,85,62.2167,135.8,-22.29,1.83
Dawlatabad,51,AF,1613822760,53,36.4141,64.9053,51.42,12.46
Arraial do Cabo,20,BR,1613822760,83,-22.9661,-42.0278,82.4,8.05
Longyearbyen,40,SJ,1613822761,68,78.2186,15.6401,23.0,14.97
Dingli,20,MT,1613822762,72,35.8614,14.3822,63.0,10.36
Kutum,13,SD,1613822763,17,14.2,24.6667,74.77,9.73
Erenhot,90,CN,1613822589,64,43.6475,111.9767,38.26,15.3
Eyl,100,SO,1613822764,55,7.9803,49.8164,81.93,25.77
Yeppoon,8,AU,1613822764,78,-23.1333,150.7333,75.2,1.14
Esik,90,KZ,1613822765,93,43.3552,77.4525,35.6,6.71
Khovd,0,MN,1613822766,68,48.0056,91.6419,34.88,17.22
Kudahuvadhoo,41,MV,1613822767,75,2.6708,72.8944,81.81,12.01
Carambeí,76,BR,1613822767,89,-24.9178,-50.0972,64.58,5.46
Caravelas,100,BR,1613822768,74,-17.7125,-39.2481,81.14,11.25
Aklavik,98,CA,1613822769,76,68.2191,-135.0107,-22.0,1.14
Druzhba,99,UA,1613822770,96,52.0428,33.9453,16.77,8.61
Leeton,34,AU,1613822770,44,-34.5667,146.4,78.8,6.4
Gimli,94,CA,1613822771,84,50.6336,-96.9907,-2.2,13.8
Santa Vitória do Palmar,1,BR,1613822772,75,-33.5189,-53.3681,68.56,4.27
Mnogovershinnyy,100,RU,1613822772,95,53.9353,139.9242,3.78,5.12
Rabo de Peixe,20,PT,1613822773,66,37.8,-25.5833,53.6,10.36
Ketchikan,90,US,1613822774,100,55.3422,-131.6461,33.8,8.05
Brae,20,GB,1613822774,87,60.3964,-1.353,48.2,9.22
Mairwa,0,IN,1613822775,35,26.2333,84.15,74.61,4.65
Ambovombe,10,MG,1613822776,62,-25.1667,46.0833,87.4,11.68
Taoudenni,5,ML,1613822777,11,22.6783,-3.9836,92.1,10.74
Märsta,75,SE,1613822777,93,59.6216,17.8548,39.0,13.8
Saskylakh,96,RU,1613822778,85,71.9167,114.0833,-22.38,6.82
Talcahuano,0,CL,1613822715,58,-36.7167,-73.1167,55.4,5.75
Moree,41,AU,1613822483,39,-29.4667,149.85,80.6,11.5
Redcliffe,75,AU,1613822780,88,-27.2307,153.0973,75.99,5.75
Pedernales,0,DO,1613822781,51,18.0384,-71.744,75.52,4.47
Opuwo,78,NA,1613822781,28,-18.0607,13.84,85.06,6.89
Türkan,90,AZ,1613822782,93,40.3639,50.215,42.8,20.71
Xining,1,CN,1613822782,42,36.6167,101.7667,39.9,2.89
Jaqué,58,PA,1613822784,85,7.5175,-78.1703,75.27,6.67
Goderich,100,CA,1613822535,93,43.7501,-81.7165,23.0,11.5
Meulaboh,58,ID,1613822785,78,4.1363,96.1285,81.57,4.59
Yumen,100,CN,1613822786,40,40.2833,97.2,46.09,17.22
Taltal,28,CL,1613822540,64,-25.4,-70.4833,68.07,3.98
Faanui,37,PF,1613822787,77,-16.4833,-151.75,81.54,16.26
Chesma,100,RU,1613822788,91,53.8111,60.6533,1.94,12.21
Mossendjo,89,CG,1613822789,53,-2.9506,12.7261,86.07,3.38
Ereymentau,48,KZ,1613822789,90,51.6199,73.1033,-1.17,12.24
Egvekinot,0,RU,1613822790,77,66.3167,-179.1667,-14.04,5.84
Esperance,0,AU,1613822791,72,-33.8667,121.9,64.4,12.66
Turaif,40,SA,1613822792,54,31.6725,38.6637,53.6,13.8
Kousséri,0,CM,1613822793,9,12.0769,15.0306,82.4,11.5
Wainwright,0,CA,1613822793,62,52.839,-110.8572,17.6,10.36
South Bend,1,US,1613822597,78,41.6834,-86.25,8.01,4.61
San Lorenzo,0,PY,1613822795,61,-25.3333,-57.5333,78.8,5.75
Arica,75,CL,1613822769,68,-18.475,-70.3042,69.8,2.3
Ayan,100,RU,1613822796,84,56.45,138.1667,2.26,9.17
Laguna,1,US,1613822797,81,38.421,-121.4238,46.0,3.44
Versmold,0,DE,1613822797,63,52.05,8.15,62.01,10.36
Iquitos,75,PE,1613822798,100,-3.7481,-73.2472,75.2,1.28
Mocuba,93,MZ,1613822799,55,-16.8392,36.9856,93.2,2.77
Mormugao,75,IN,1613822800,54,15.4,73.8,84.2,11.5
Girvan,40,GB,1613822801,87,55.2426,-4.8555,51.8,23.02
Namtsy,0,RU,1613822802,68,62.7161,129.6658,-31.0,4.47
Moses Lake,90,US,1613822803,80,47.1301,-119.2781,30.2,2.57
Chapais,75,CA,1613822601,77,49.7834,-74.8492,-4.0,3.44
Kysyl-Syr,98,RU,1613822804,85,63.8986,122.7617,-26.9,2.46
Tokur,99,RU,1613822805,92,53.1333,132.9,-7.55,3.0
Bambous Virieux,40,MU,1613822806,74,-20.3428,57.7575,86.0,16.11
Shache,64,CN,1613822806,33,38.4167,77.2406,54.43,8.9
Cascais,75,PT,1613822807,100,38.6979,-9.4215,59.0,20.71
Anchorage,1,US,1613822724,71,61.2181,-149.9003,3.0,6.82
Anadyr,40,RU,1613822808,75,64.75,177.4833,-31.0,6.71
Omsukchan,99,RU,1613822809,81,62.5333,155.8,-26.75,4.88
Poya,93,NC,1613822810,84,-21.35,165.15,79.16,5.17
Graaff-Reinet,66,ZA,1613822810,53,-32.2522,24.5308,80.01,4.0
Sorong,77,ID,1613822811,77,-0.8833,131.25,82.51,4.94
Trabzon Province,40,TR,1613822812,42,40.9167,39.8333,44.6,4.61
Isangel,99,VU,1613822812,82,-19.55,169.2667,79.99,8.37
Grindavik,90,IS,1613822813,93,63.8424,-22.4338,41.0,16.11
Maţāy,0,EG,1613822814,27,28.419,30.7792,67.62,13.69
Lakota,36,CI,1613822815,45,5.8528,-5.6883,94.08,1.28
Plettenberg Bay,90,ZA,1613822815,67,-34.0527,23.3716,69.42,8.55
Tyup,71,KG,1613822816,80,42.7276,78.3648,35.87,5.59
Fortuna,90,US,1613822817,100,40.5982,-124.1573,46.99,19.57
Kerema,85,PG,1613822817,80,-7.9631,145.7785,79.68,5.97
Banda Aceh,48,ID,1613822818,77,5.5577,95.3222,80.78,15.23
Kedrovyy,20,RU,1613822819,71,56.1667,91.8167,-0.4,11.18
Port Hawkesbury,90,CA,1613822819,79,45.6169,-61.3485,23.0,8.05
Wanaka,29,NZ,1613822820,52,-44.7,169.15,55.56,4.81
Pacific Grove,90,US,1613822579,76,36.6177,-121.9166,51.8,8.05
Santa Helena,24,BR,1613822821,73,-2.2311,-45.3,82.62,3.53
Bontang,89,ID,1613822749,80,0.1333,117.5,81.66,8.79
Nanortalik,70,GL,1613822823,91,60.1432,-45.2371,17.92,13.13
San Jerónimo,89,PE,1613822824,63,-11.9472,-75.2829,47.8,0.38
Inírida,100,CO,1613822825,96,3.8653,-67.9239,74.28,1.25
Nishihara,1,JP,1613822826,44,26.1842,127.7558,62.6,1.66
Kolokani,32,ML,1613822826,9,13.5728,-8.0339,94.96,14.05
Itaituba,75,BR,1613822827,100,-4.2761,-55.9836,77.0,5.28
Aba,15,NG,1613822534,26,5.1066,7.3667,86.0,10.36
Nynäshamn,97,SE,1613822828,93,58.9034,17.9479,39.99,3.0
Cabedelo,40,BR,1613822829,66,-6.9811,-34.8339,86.0,11.5
Nouakchott,0,MR,1613822536,19,18.0858,-15.9785,78.8,10.36
Khipro,19,PK,1613822830,11,25.8285,69.3772,90.97,3.8
Umba,16,RU,1613822831,90,66.6871,34.3429,-5.48,3.4
Cockburn Town,1,TC,1613822614,77,21.4612,-71.1419,77.18,15.3
Novikovo,100,RU,1613822832,93,51.1537,37.8879,16.09,8.03
Westport,90,US,1613822593,69,41.1415,-73.3579,30.2,11.5
Requena,90,ES,1613822834,72,39.4883,-1.1004,64.99,2.3
Khuzdar,22,PK,1613822834,17,27.7384,66.6434,75.52,9.31
Hong Kong,63,HK,1613822835,71,22.2855,114.1577,68.0,7.23
Itarema,73,BR,1613822836,72,-2.9248,-39.9167,82.89,11.81
Port Keats,77,AU,1613822836,83,-14.25,129.55,79.92,6.02
Arrondissement de Rennes,0,FR,1613822837,58,48.1667,-1.6667,61.0,23.02
Kahului,1,US,1613822838,94,20.8947,-156.47,70.0,12.28
Glenwood Springs,40,US,1613822839,86,39.5505,-107.3248,24.01,18.41
Loralai,16,PK,1613822840,21,30.3705,68.598,68.99,9.84
Beyneu,0,KZ,1613822840,81,45.3167,55.2,30.6,6.89
Chadiza,100,ZM,1613822841,73,-14.0678,32.4392,79.83,1.28
Voyvozh,100,RU,1613822842,89,62.892,54.9635,-14.26,3.94
Liku,66,ID,1613822842,85,-0.7275,119.8922,75.33,2.35
Rafai,80,CF,1613822843,10,4.95,23.9167,101.05,3.09
Wokha,93,IN,1613822844,62,26.1,94.2667,54.59,0.98
Rumphi,100,MW,1613822844,51,-11.0186,33.8575,83.93,2.48
Saint-Pierre,75,RE,1613822845,66,-21.3393,55.4781,87.8,9.22
Paamiut,19,GL,1613822846,88,61.994,-49.6678,8.67,10.09
Scalea,0,IT,1613822769,47,39.813,15.7956,63.0,1.99
Ilām,1,NP,1613822847,38,26.9167,87.9167,78.8,3.06
De Aar,0,ZA,1613822847,11,-30.6497,24.0123,86.09,21.79
Saquena,100,PE,1613822848,94,-4.6667,-73.5167,73.31,1.32
Sørland,40,NO,1613822849,74,67.667,12.6934,32.0,6.91
Marsá Maţrūḩ,20,EG,1613822849,48,31.3525,27.2453,62.6,8.05
Ahipara,0,NZ,1613822850,86,-35.1667,173.1667,59.13,2.26
Sterling,75,US,1613822851,54,39.0062,-77.4286,25.0,12.66
Tlaxco,0,MX,1613822851,56,19.6167,-98.1167,42.49,1.41
Acajutla,0,SV,1613822753,59,13.5928,-89.8275,76.6,6.91
Passo de Camaragibe,75,BR,1613822852,65,-9.2368,-35.4901,84.2,10.36
Mahébourg,40,MU,1613822853,74,-20.4081,57.7,84.2,16.11
Kangaatsiaq,100,GL,1613822854,92,68.3065,-53.4641,-1.62,10.36
Port-Gentil,40,GA,1613822854,79,-0.7193,8.7815,84.2,4.61
Acapulco de Juárez,0,MX,1613822604,57,16.8634,-99.8901,70.54,4.79
Guangyuan,0,CN,1613822856,80,32.442,105.823,48.0,1.01
Buin,0,CL,1613822858,67,-33.7333,-70.75,66.99,0.98
Ozernovskiy,100,RU,1613822858,96,51.5,156.5167,27.14,8.59
Portland,90,US,1613822340,93,45.5234,-122.6762,41.0,0.98
Ongandjera,73,NA,1613822859,31,-17.8833,15.0667,88.16,3.18
Inhambane,75,MZ,1613822860,66,-23.865,35.3833,87.8,13.8
Ushtobe,97,KZ,1613822861,88,45.2514,77.9838,33.62,6.29
Bac Lieu,6,VN,1613822568,71,9.285,105.7244,75.25,14.79
Palana,100,RU,1613822862,93,59.1167,159.9667,6.69,10.92
Wellington,75,NZ,1613822651,77,-41.2866,174.7756,62.6,23.02
Rocha,2,UY,1613822865,63,-34.4833,-54.3333,66.92,4.68
Campeche,100,MX,1613822866,70,19.0,-90.5,64.92,4.03
Ürümqi,67,CN,1613822596,69,43.801,87.6005,33.8,4.47
Mizdah,83,LY,1613822867,20,31.4451,12.9801,69.31,6.44
Medicine Hat,1,CA,1613822588,73,50.0501,-110.6683,21.0,11.5
Esim,22,GH,1613822868,66,4.8699,-2.2405,85.77,7.29
Ust'-Koksa,81,RU,1613822869,88,50.2696,85.6108,13.33,3.58
Richards Bay,74,ZA,1613822869,66,-28.783,32.0377,85.62,8.34
Bima,92,ID,1613822870,85,-8.4667,118.7167,77.29,1.32
Port Macquarie,90,AU,1613822871,100,-31.4333,152.9167,71.6,4.61
Saint Anthony,1,US,1613822871,78,45.0205,-93.218,1.99,5.48
Mitú,100,CO,1613822600,82,1.1983,-70.1733,75.45,0.31
San Cristobal,40,VE,1613822873,100,7.7669,-72.225,73.4,2.3
Aasiaat,98,GL,1613822874,91,68.7098,-52.8699,-9.15,3.51
Balabac,90,PH,1613822875,73,7.9868,117.0645,78.84,10.67
Narsaq,75,GL,1613822875,73,60.9167,-46.05,21.2,2.73
Peniche,100,PT,1613822876,89,39.3558,-9.3811,60.01,18.99
Lorengau,30,PG,1613822877,75,-2.0226,147.2712,83.84,5.84
Popondetta,88,PG,1613822877,87,-8.7537,148.2534,76.12,2.06
Tamiahua,3,MX,1613822878,84,21.2667,-97.45,48.7,5.5
Trelew,0,AR,1613822878,33,-43.249,-65.3051,60.55,10.31
Tangshan,37,CN,1613822665,36,39.6333,118.1833,54.63,1.86
Paita,51,PE,1613822880,83,-5.0892,-81.1144,71.89,9.84
Heihe,0,CN,1613822880,56,50.2441,127.4902,6.8,2.24
Panama City,20,PA,1613822768,94,8.9936,-79.5197,75.99,2.3
Cartagena del Chairá,100,CO,1613822883,71,1.3349,-74.8429,74.7,1.34
Chukhloma,73,RU,1613822883,90,58.7525,42.6825,-0.63,3.36
Doha,40,QA,1613822620,46,25.2867,51.5333,72.0,12.66
Batticaloa,99,LK,1613822885,79,7.7102,81.6924,80.98,8.57
Lock Haven,6,US,1613822885,83,41.137,-77.4469,16.0,4.45
The Pas,90,CA,1613822698,85,53.8251,-101.2541,1.4,8.05
Makakilo City,75,US,1613822886,83,21.3469,-158.0858,73.4,10.36
Seoni,0,IN,1613822887,17,22.0833,79.5333,80.55,4.81
Macamic,75,CA,1613822888,85,48.7502,-78.9996,1.4,3.22
Yazoo City,90,US,1613822889,100,32.8551,-90.4056,23.0,0.65
Pasni,8,PK,1613822890,42,25.2631,63.471,78.1,7.92
Deputatsky,24,RU,1613822890,86,69.3,139.9,-31.4,1.88
Touros,75,BR,1613822834,62,-5.1989,-35.4608,86.0,12.66
Amapá,94,BR,1613822891,93,1.0,-52.0,74.01,3.44
Farap,0,TM,1613822892,49,39.1704,63.6116,46.4,11.5
Talnakh,38,RU,1613822893,70,69.4865,88.3972,-30.48,2.8
Pitkyaranta,100,RU,1613822893,95,61.5734,31.4792,7.81,9.55
Teguise,20,ES,1613822894,73,29.0605,-13.564,68.0,10.36
Basco,58,PH,1613822895,66,20.4487,121.9702,70.12,17.72
Gazli,0,UZ,1613822895,46,40.1333,63.45,48.36,11.63
Souillac,40,MU,1613822896,74,-20.5167,57.5167,84.2,16.11
Manjeshwar,20,IN,1613822897,45,12.7194,74.8861,87.8,11.5
La Sarre,99,CA,1613822897,95,48.8002,-79.1996,5.79,2.98
Dandong,42,CN,1613822898,84,40.1292,124.3947,32.86,3.62
Kisanga,90,TZ,1613822899,59,-7.4362,37.7034,84.15,1.01
Mwene-Ditu,100,CD,1613822899,82,-7.0,23.45,76.24,5.82
Ixtapa,18,MX,1613822900,91,20.7,-105.2,66.99,2.64
Nikolayevsk-on-Amur,100,RU,1613822900,94,53.1406,140.73,9.59,4.29
Coahuayana Viejo,7,MX,1613822901,72,18.7333,-103.6833,64.44,3.78
Artyom,90,AZ,1613822902,93,40.4723,50.333,42.8,20.71
Denpasar,40,ID,1613822902,83,-8.65,115.2167,80.6,8.05
Sinnamary,73,GF,1613822903,78,5.3833,-52.95,79.9,11.97
Okato,0,NZ,1613822903,93,-39.2,173.8833,53.01,3.0
Lábrea,100,BR,1613822904,96,-7.2586,-64.7981,72.55,2.04
Teya,100,RU,1613822905,86,60.3778,92.6267,-8.72,6.73
Verkhoyansk,1,RU,1613822905,78,67.5447,133.385,-37.86,0.56
Impfondo,75,CG,1613822906,26,1.6381,18.0667,92.5,3.51
College,1,US,1613822907,83,64.8569,-147.8028,-20.99,4.61
Berdigestyakh,100,RU,1613822907,83,62.0989,126.6992,-25.94,0.78
Ballina,90,AU,1613822908,88,-28.8667,153.5667,73.4,9.22
Iqaluit,1,CA,1613822909,68,63.7506,-68.5145,-25.01,13.8
Fare,95,PF,1613822909,77,-16.7,-151.0167,81.39,14.81
Port Blair,100,IN,1613822910,73,11.6667,92.75,81.01,13.38
Miraflores,1,MX,1613822911,49,19.2167,-98.8083,44.6,4.61
Khingansk,100,RU,1613822911,95,49.1167,131.1833,-2.92,5.53
Kiunga,74,PG,1613822913,98,-6.1219,141.2906,75.25,4.74
Pecos,1,US,1613822913,93,31.4229,-103.4932,26.6,5.06
Balta,23,UA,1613822914,96,47.9355,29.6198,31.15,7.23
Ibrā’,0,OM,1613822915,12,22.6906,58.5334,86.81,10.74
Manaure,49,CO,1613822915,80,11.7751,-72.4445,75.69,14.2
Comodoro Rivadavia,0,AR,1613822916,44,-45.8667,-67.5,59.0,14.97
Vanimo,56,PG,1613822917,80,-2.6741,141.3028,79.3,2.04
Tullahoma,1,US,1613822917,85,35.362,-86.2094,17.6,3.85
Katangli,100,RU,1613822918,98,51.7102,143.2326,19.56,11.25
Boone,1,US,1613822918,68,39.0334,-92.3335,19.4,4.61
Aldan,71,RU,1613822919,86,58.6031,125.3894,-24.92,2.51
Lüderitz,0,NA,1613822920,45,-26.6481,15.1594,73.49,28.57
Borovskoy,98,KZ,1613822920,93,53.8,64.15,3.15,10.92
Takoradze,22,GH,1613822921,64,4.8845,-1.7554,86.74,6.96
Yarkovo,100,RU,1613822922,92,57.4028,67.0786,-2.99,4.88
Cedar City,1,US,1613822922,32,37.6775,-113.0619,36.0,11.5
Fort Nelson,75,CA,1613822923,79,58.8053,-122.7002,21.2,9.22
Kavaratti,26,IN,1613822924,58,10.5669,72.642,81.84,1.28
Nantucket,90,US,1613822924,93,41.2835,-70.0995,33.01,12.66
Polyarny,40,RU,1613822925,78,69.1989,33.4478,-0.4,9.26
Hirtshals,75,DK,1613822926,87,57.5881,9.9592,46.99,11.5
Port Augusta,75,AU,1613822926,94,-32.5,137.7667,71.01,13.8
Sassandra,59,CI,1613822821,68,4.95,-6.0833,84.54,4.16
Seredka,90,RU,1613822928,73,58.1584,28.1858,21.2,6.71
Ponta Delgada,20,PT,1613822929,66,37.7333,-25.6667,53.6,10.36
Naryan-Mar,100,RU,1613822930,87,67.6713,53.087,-19.07,8.28
Mushie,100,CD,1613822930,47,-3.0167,16.9,89.8,4.59
Te Anau,36,NZ,1613822931,78,-45.4167,167.7167,50.85,2.55
Konstantinovka,81,RU,1613822932,90,49.6167,127.9833,0.54,4.74
Otane,0,NZ,1613822932,90,-39.8833,176.6333,61.0,1.92
Avera,1,US,1613822934,91,33.194,-82.5271,30.2,3.44
Ribas do Rio Pardo,6,BR,1613822934,61,-20.4431,-53.7592,73.67,3.18
Balkanabat,12,TM,1613822935,47,39.5108,54.3671,50.41,1.48
Santiago,0,CL,1613822935,67,-33.4569,-70.6483,66.99,2.26
Ocós,1,GT,1613822937,86,14.5094,-92.1933,62.01,1.01
Beihai,22,CN,1613822937,69,21.4833,109.1,67.84,5.35
Río Gallegos,97,AR,1613822938,52,-51.6226,-69.2181,54.41,17.05
Ambilobe,100,MG,1613822939,78,-13.2,49.05,85.08,4.99
Acaraú,78,BR,1613822939,73,-2.8856,-40.12,82.72,12.21
Diok’nisi,75,GE,1613822940,75,41.6293,42.3917,41.0,11.5
Tomatlán,34,MX,1613822941,91,19.9333,-105.25,62.1,2.48
Mutare,100,ZW,1613822942,49,-18.9707,32.6709,84.22,1.54
Port Moresby,20,PG,1613822942,88,-9.4431,147.1797,77.0,5.75
Beira,75,MZ,1613822943,59,-19.8436,34.8389,95.0,11.5
Huallanca,95,PE,1613822943,53,-9.8993,-76.9417,44.8,2.64
Lalibela,45,ET,1613822944,27,12.0333,39.0333,75.25,5.86
Sfântu Gheorghe,100,RO,1613822945,93,45.8667,25.7833,41.0,1.99
Kaliua,98,TZ,1613822946,71,-5.0606,31.7936,79.12,4.09
Kisangani,97,CD,1613822947,36,0.5167,25.2,92.46,2.95
Banjar,40,ID,1613822948,83,-8.19,114.9675,80.6,8.05
Padang,20,ID,1613822949,78,-0.9492,100.3543,82.4,4.61
Sagamu,2,NG,1613822950,13,6.8432,3.6478,101.97,0.6
Peto,59,MX,1613822950,81,20.1333,-88.9167,62.65,4.12
Bograd,0,RU,1613822952,62,54.2344,90.8328,12.2,2.24
Baruun-Urt,97,MN,1613822952,94,46.6806,113.2792,23.65,5.75
Ancud,0,CL,1613822953,81,-41.8697,-73.8203,50.0,6.91
Moyale,94,KE,1613822954,37,3.5167,39.0584,84.76,6.89
Zhicheng,0,CN,1613822955,56,30.2956,111.5047,64.0,8.77
Nurobod,75,UZ,1613822956,71,40.9056,69.8023,46.4,4.61
Cayenne,75,GF,1613822814,89,4.9333,-52.3333,80.6,6.91
Buchanan,99,LR,1613822957,65,5.8808,-10.0467,85.42,5.35
Port Pirie,75,AU,1613822957,94,-33.1833,138.0167,66.2,13.8
Aquiraz,75,BR,1613822958,83,-3.9014,-38.3911,78.8,9.22
Praia,29,CV,1613822959,57,14.9215,-23.5087,75.2,20.71
Parakou,69,BJ,1613822959,10,9.3372,2.6303,93.24,4.21
Huarmey,40,PE,1613822960,81,-10.0681,-78.1522,69.51,4.99
Vanavara,99,RU,1613822961,87,60.34,102.2797,-16.58,4.56
Lufilufi,75,WS,1613822961,94,-13.8745,-171.5986,77.0,3.44
Srednekolymsk,89,RU,1613822962,82,67.45,153.6833,-33.25,2.77
Maxixe,75,MZ,1613822962,66,-23.8597,35.3472,87.8,13.8
Quesnel,90,CA,1613822963,69,52.9999,-122.5029,28.4,10.36
Marsh Harbour,28,BS,1613822717,85,26.5412,-77.0636,72.86,15.88
Arlit,80,NE,1613822965,13,18.7369,7.3853,79.32,1.74
Aranjuez,0,ES,1613822966,51,40.0311,-3.6025,66.99,9.22
Barashevo,87,RU,1613822966,93,54.5325,42.8792,6.46,4.85
Loandjili,98,CG,1613822967,64,-4.7561,11.8578,84.79,5.48
Rundu,91,NA,1613822968,66,-17.9333,19.7667,78.15,5.93
